galaxy,survey,quality_tier,n_points_raw,n_points_used,turnover,curvature_std,curvature_max,q,A0,mse_log,r_min_kpc,r_max_kpc,vobs_max_kms,distance_mpc,inc_deg,m2l_disk,Sigma_proxy,vel_col_used,p_fit,vrot_mean_kms,regime
D564-8,SPARC,1,6,6,0.7036459953963077,1.1392618543478452,2.7456179474448525,2.507201175274115e-07,150.3656402399218,0.0161652375335844,0.51,3.07,25.0,8.79,63.0,2.37,0.855,,,,non_activated
D631-7,SPARC,1,16,13,2.287699743707096,7.721404612030271,16.009613011154954,9.527607913947678e-05,385.6267266691479,0.0309208286944129,1.8,7.19,58.5,7.72,59.0,0.92,0.1,,,,non_activated
DDO064,SPARC,1,14,14,0.7385851317555849,9.134049046045275,16.800131986929383,2.8581907534690185e-07,532.6079574071887,0.0230323485874146,0.1,2.98,46.9,6.8,60.0,2.19,9.13,,,,non_activated
DDO154,SPARC,1,12,12,1.6588024906714678,3.0012911398154576,6.89052584223232,9.010750708838533e-06,374.1124730879437,0.0283485364210715,0.49,5.92,48.2,4.04,64.0,4.28,0.015,,,,non_activated
DDO161,SPARC,1,31,31,-0.1673934482466855,21.4751269334978,72.14014326613925,9.563362065824946e-09,197.09524522900688,0.2977677099312584,0.6,13.37,67.5,7.5,70.0,1.2,0.36,,,,non_activated
DDO168,SPARC,1,10,10,1.956230667912893,5.236630042090496,9.64029199497799,2.74886482467868e-05,451.5455824791946,0.1088594759930765,0.41,4.12,55.0,4.25,63.0,2.04,3.48,,,,non_activated
DDO170,SPARC,1,8,8,0.4196562273524927,2.676154823075689,4.301204121370804,8.643352534871714e-08,294.58451322869064,0.0040193783920668,1.87,12.33,62.2,15.4,66.0,4.2,0.69,,,,non_activated
ESO079-G014,SPARC,1,15,12,1.1007464194555605,12.756223374697983,30.722953077416843,1.111497844966174e-06,894.4696404013525,0.016613055407666,0.41,16.67,178.0,28.7,79.0,0.97,83.03,,,,non_activated
ESO116-G012,SPARC,1,15,15,0.7750950738017577,4.202773105895881,7.164988832335087,3.277566091099955e-07,889.2050435477554,0.0291639848188686,0.25,9.86,112.0,13.0,74.0,1.21,24.2,,,,non_activated
ESO444-G084,SPARC,1,7,7,0.5219805988744171,0.4536911945113244,1.3179622724317124,1.2686100224836445e-07,1127.4740197113929,0.001774011656985,0.26,4.44,63.1,4.83,32.0,5.39,1.03,,,,non_activated
ESO563-G021,SPARC,1,30,25,-0.3390314856518507,18.057386432167853,42.91555076867309,5.024353081821423e-09,1507.8270193009432,0.0105209586373518,4.9,42.41,321.0,60.8,83.0,0.66,50.58,,,,non_activated
F563-1,SPARC,1,17,17,3.6108566099425032,61.05855911656174,155.19562377700592,0.0136015831760375,953.4229945122738,0.0359316867527365,1.07,20.1,112.5,48.9,25.0,3.01,1.68,,,,non_activated
F563-V2,SPARC,1,10,10,1.4003751804056073,3.532067569749882,5.627064805570877,3.4188910830082373e-06,1568.7782746446917,0.035980872240553,0.28,10.47,118.0,59.7,29.0,4.16,21.995,,,,non_activated
F565-V2,SPARC,1,7,7,0.7339850474077921,1.6243352373050497,2.9094118929230386,2.8093088856035576e-07,624.2887379639633,0.0117234979192268,1.26,8.8,83.1,51.8,60.0,5.71,1.6,,,,non_activated
F568-1,SPARC,1,12,12,1.2051987462893543,2.704595012343014,4.913704321014045,1.6444479160574056e-06,1586.4142853903816,0.0293593356662604,0.44,13.23,142.0,90.7,26.0,3.02,14.905,,,,non_activated
F568-3,SPARC,1,18,17,3.4246543438204347,10.895992183833124,26.07044116850963,0.0067684325385699,634.672343648686,0.0843511844333506,1.18,17.98,120.0,82.4,40.0,1.35,19.58,,,,non_activated
F568-V1,SPARC,1,15,15,1.2236318780077062,3.3865381426388645,7.35133220644204,1.762139952571383e-06,1405.7191285099454,0.0231586954734503,0.39,17.63,118.0,80.6,40.0,4.46,9.36,,,,non_activated
F571-8,SPARC,1,13,7,1.9725406994515755,2.428581500075252,7.806930277800756,2.922240355151142e-05,1152.46397291771,0.0098328194804904,4.77,15.55,144.0,53.3,85.0,0.24,5.4,,,,non_activated
F571-V1,SPARC,1,7,7,0.8604252527495818,1.353219759438215,2.726309461358417,4.513573844469917e-07,468.5337603814119,0.0044421691324666,1.95,13.59,84.3,80.1,30.0,2.56,2.09,,,,non_activated
F574-1,SPARC,1,14,14,1.54000991130485,4.054872833663242,8.058079290623992,5.7715829077664825e-06,750.4779417846644,0.0278905038771116,0.47,12.6,99.7,96.8,65.0,2.06,12.13,,,,non_activated
F579-V1,SPARC,1,14,14,0.263505992661529,2.3168195266429663,4.320280311028991,4.812550313187105e-08,1514.8162965077815,0.0768291283409992,0.42,15.16,114.0,89.5,26.0,2.59,29.79,,,,non_activated
F583-1,SPARC,1,25,24,1.153267329000607,6.3299097386309615,17.169950729953925,1.353456802643412e-06,568.7804649207656,0.0649926165264155,0.26,16.26,86.9,35.4,63.0,2.16,5.74,,,,non_activated
F583-4,SPARC,1,12,12,-0.1423837112518298,3.62741702648886,7.622920814671361,1.0503681969398206e-08,399.1259330365162,0.0002449668629001,0.22,7.29,69.9,53.3,55.0,1.96,7.529999999999999,,,,non_activated
IC2574,SPARC,1,34,34,0.9009777284273712,32.134256379693745,84.95465621376344,5.254900377590783e-07,206.3606087356045,0.1021305635024374,0.85,10.23,67.5,3.91,75.0,1.4,4.165,,,,non_activated
IC4202,SPARC,1,32,22,-2.8144746740026183,97.45963811363563,262.8306464328348,4.672644201583136e-13,566.9688715109096,0.0396966882776749,5.5,25.9,250.0,100.4,90.0,0.38,38.81,,,,non_activated
KK98-251,SPARC,1,15,15,0.9016250996809986,11.799749613848382,31.72462482721141,5.26767289244919e-07,165.21065122167326,0.0737370806628692,0.25,3.13,34.6,6.8,59.0,2.71,3.87,,,,non_activated
NGC0024,SPARC,1,29,28,0.9399496389188872,14.022785944936931,43.8141827812434,6.081830420758794e-07,2340.9415738208027,0.0381959177519912,0.32,11.27,110.0,7.3,64.0,1.75,105.55,,,,non_activated
NGC0055,SPARC,1,21,20,3.800380366440361,13.488979807771816,30.087454422747115,0.0276657821081044,342.8009813393411,0.1897641392529536,1.84,13.5,87.4,2.11,77.0,1.17,7.04,,,,non_activated
NGC0100,SPARC,1,21,18,1.6806716571537783,6.217597928957813,16.316758214943096,9.780863019618908e-06,518.6136810203215,0.0555147315038069,1.59,9.62,91.2,13.5,89.0,1.02,6.225,,,,non_activated
NGC0247,SPARC,1,26,26,-0.2319060785691987,7.400554094374977,15.530238465696725,7.508359367254375e-09,631.5488709887809,0.0062053536204014,1.08,14.54,108.0,3.7,74.0,2.26,10.92,,,,non_activated
NGC0289,SPARC,1,28,21,0.9823971414121844,28.38305250865758,89.16898180275436,7.131230754139058e-07,429.8798978409062,0.0131646305734233,10.6,71.12,194.0,20.8,46.0,0.79,0.1,,,,non_activated
NGC0300,SPARC,1,25,25,0.9516597944965084,20.827553158208417,44.75798581801601,6.354853100313512e-07,711.2704182560531,0.0091277858793223,0.91,11.8,97.0,2.08,42.0,1.62,3.98,,,,non_activated
NGC1003,SPARC,1,36,32,1.127116918520365,27.60920318877992,65.57823207993448,1.2270315533928489e-06,440.85562370845696,0.0113298346119769,4.56,30.24,115.0,11.4,67.0,1.05,0.01,,,,non_activated
NGC1090,SPARC,1,24,18,1.0213583695439246,30.597343221084685,69.45524445817772,8.253096272571272e-07,292.83432349316666,0.0586365959918732,5.09,30.09,176.0,37.0,64.0,0.61,3.34,,,,non_activated
NGC1705,SPARC,1,14,14,0.3554097188936337,1.8866801142821088,4.050893942556746,6.792819691844392e-08,1693.9578379928437,0.0514799795890649,0.22,6.0,73.2,5.73,80.0,2.59,0.19,,,,non_activated
NGC2366,SPARC,1,26,23,4.276844857873556,22.263827113623133,40.65377312741874,0.1640361465009743,380.2440051206872,0.1338667818802592,0.12,6.06,53.7,3.27,68.0,0.96,0.45,,,,non_activated
NGC2403,SPARC,1,73,45,4.826583681468503,174.29842514934697,716.4161088925857,1.2203403815548144,935.6214575394912,0.0385533817340136,0.16,20.87,136.0,3.16,63.0,0.88,0.65,,,,activated
NGC2683,SPARC,1,11,9,1.770415141623983,12.670754435360225,24.12991425720244,1.3694107003559469e-05,349.0211542753253,0.0426028495495772,8.66,34.62,212.0,9.81,80.0,0.8,0.25,,,,non_activated
NGC2841,SPARC,1,50,49,0.5022338461648538,21.841184854310765,61.37773806065414,1.1780629341841185e-07,2028.8772885201208,0.0246336892474724,3.77,63.64,323.0,14.1,76.0,1.17,30.36,,,,non_activated
NGC2903,SPARC,1,34,16,2.0315814605541545,24.552626397567323,53.58334547944973,3.646446234949184e-05,634.7491647243397,0.0109080287098285,10.56,24.96,216.0,6.6,66.0,0.46,0.46,,,,non_activated
NGC2915,SPARC,1,30,27,0.6727919945677685,19.52792968486592,52.2797454186015,2.233264819989905e-07,1105.1681126624658,0.0252150627034422,1.34,10.04,86.5,4.06,56.0,0.52,0.01,,,,non_activated
NGC2955,SPARC,1,24,6,1.731489792730377,30.15914800940703,56.0432502873581,1.1834223486703136e-05,195.6520309136366,0.0208933361575068,19.49,35.43,276.0,97.9,56.0,0.45,11.205,,,,non_activated
NGC2998,SPARC,1,13,11,-0.5450717569978254,3.7782861974842654,11.397565182371782,2.320182133252791e-09,2627.856743929053,0.3728566239285051,0.33,42.28,214.0,68.1,58.0,1.08,17.41,,,,non_activated
NGC3109,SPARC,1,25,25,0.8646132293171351,9.200578695774494,26.45379634832757,4.585018672380412e-07,534.8957509680679,0.0393298607780764,0.26,6.45,67.3,1.33,70.0,4.63,1.97,,,,non_activated
NGC3198,SPARC,1,43,33,-1.86298604037239,129.64485675576705,469.8614843607736,1.6563846602642454e-11,387.36243581973343,0.2445215825694356,2.89,44.08,157.0,13.8,73.0,0.89,15.42,,,,non_activated
NGC3741,SPARC,1,21,21,0.6512346370186735,6.809121796797837,16.28595866381791,2.059832089854136e-07,403.4827835722014,0.0160824423999076,0.23,7.0,51.6,3.21,70.0,1.96,0.0,,,,non_activated
NGC3769,SPARC,1,12,9,1.539160767833353,4.441740504306252,8.667868255948873,5.753233760743547e-06,426.0747029400084,0.0100211855561793,6.98,37.16,126.0,18.0,70.0,0.66,0.61,,,,non_activated
NGC3893,SPARC,1,10,6,2.253389607935012,1.6267227592874982,9.592209034749914,8.377346740365065e-05,693.5650455976627,0.0054364398718339,8.81,19.05,194.0,18.0,49.0,0.68,3.61,,,,non_activated
NGC3917,SPARC,1,17,16,0.0726404156149314,6.951910954450687,12.16844205255424,2.3525062319580496e-08,687.326443328186,0.0062249042170265,1.74,14.86,138.0,18.0,79.0,1.2,31.57,,,,non_activated
NGC3972,SPARC,1,10,9,-0.8830131424681285,13.255515894878029,22.24520284850762,6.533550951214271e-10,847.4400574996886,0.0063714081297071,1.74,8.72,134.0,18.0,77.0,1.19,68.87,,,,non_activated
NGC3992,SPARC,1,9,9,-0.2170860772978928,2.0236736832159017,3.08317288514369,7.937449380217962e-09,779.3893508331595,0.0027435673344643,9.19,46.02,272.0,23.7,56.0,1.23,5.11,,,,non_activated
NGC4010,SPARC,1,12,8,0.5684410437746925,17.190551000099376,27.211235878100787,1.5100586600443648e-07,556.2014474591687,0.0110603069668633,0.87,10.47,129.0,18.0,89.0,0.75,25.91,,,,non_activated
NGC4013,SPARC,1,36,27,4.33732349128945,209.52379822027632,620.768418049071,0.2053664422339485,472.1605631669538,0.0742947822351116,12.08,31.01,198.0,18.0,89.0,0.69,0.0,,,,activated
NGC4100,SPARC,1,24,20,2.157545466142421,57.183761373055205,141.69001880186426,5.84810091818542e-05,661.8003578285925,0.0330620072534538,3.5,22.76,195.0,18.0,73.0,0.95,3.555,,,,non_activated
NGC4157,SPARC,1,17,8,4.616317239847375,22.453073086608526,47.22647613267628,0.5737740074213973,424.9018552025714,0.0419684760247076,17.42,29.61,201.0,18.0,82.0,0.59,0.175,,,,activated
NGC4183,SPARC,1,23,23,-0.1284153741471874,7.530251541115646,17.926849636713442,1.1068543027519218e-08,638.0282510490824,0.0211102462207648,0.87,21.02,115.0,18.0,82.0,1.81,3.83,,,,non_activated
NGC4214,SPARC,1,14,14,0.1368291227875618,3.696720719745228,6.769137064692773,2.992738615542795e-08,1570.635109048403,0.0378252175189719,0.21,5.63,80.6,2.87,15.0,1.45,2.345,,,,non_activated
NGC4217,SPARC,1,19,7,2.471012852832202,22.076957143268416,43.3784785468907,0.0001894638465736,291.47329765828937,0.0304563440433726,11.35,16.72,191.0,18.0,86.0,0.29,1.12,,,,non_activated
NGC4559,SPARC,1,32,21,4.92433639378856,32.034014974964585,69.51652032590965,1.7143668379928072,412.7013862378824,0.0499273346240826,7.87,20.97,124.0,9.0,67.0,0.78,0.52,,,,activated
NGC5033,SPARC,1,22,16,0.7851098252348623,13.43969223858172,33.802941859811874,3.402996676209706e-07,788.5639866022932,0.0112893099651648,10.28,44.59,225.0,15.7,66.0,0.71,1.085,,,,non_activated
NGC5055,SPARC,1,28,13,2.4245981276997743,13.766821674336391,32.659921095039785,0.0001591973324274,301.9104442384789,0.009703482182886,20.07,54.59,206.0,9.9,55.0,0.49,0.01,,,,non_activated
NGC5585,SPARC,1,24,13,1.3517870761276565,9.645671121592718,16.031529080491616,2.849406967909306e-06,608.2452742464956,0.0044032643462434,2.74,10.96,92.3,7.06,51.0,0.65,0.0,,,,non_activated
NGC5907,SPARC,1,19,19,-0.844601103677056,17.720033492984225,44.25167963344428,7.545834818300674e-10,515.7950028669131,0.0630038700086061,5.03,50.33,235.0,17.3,88.0,1.07,4.72,,,,non_activated
NGC5985,SPARC,1,33,33,-0.2155033692092419,19.6659796559463,47.86793740708761,7.984699454777343e-09,3259.2342064366485,0.0613420276226328,3.54,34.72,305.0,39.7,60.0,1.59,70.86,,,,non_activated
NGC6015,SPARC,1,44,40,-0.8717555831717084,52.61976494355995,241.3144142935786,6.815275114049642e-10,834.9434083615118,0.0550031336493348,0.67,29.23,166.0,17.0,60.0,1.03,3.345,,,,non_activated
NGC6503,SPARC,1,31,27,0.7166577685055786,12.92780755477905,49.200597720878285,2.632571723139546e-07,589.2146974943737,0.0053555858116712,0.76,23.5,121.0,6.26,74.0,0.83,0.2,,,,non_activated
NGC6674,SPARC,1,15,14,-0.4279874251887262,6.221659702806396,13.495193563655231,3.59920120207743e-09,996.657805982844,0.0359924364310789,7.49,72.41,291.0,51.2,54.0,1.46,1.14,,,,non_activated
NGC6946,SPARC,1,58,26,5.872003528574775,259.85184388990496,543.3476123100279,15.322934819648388,569.7300452544015,0.0224572253480496,11.51,20.4,181.0,5.52,38.0,0.59,2.43,,,,activated
NGC7331,SPARC,1,36,14,7.903865999217862,77.06816486285541,170.70734630720733,19.99700431298303,709.4516617462548,0.0881143211366341,22.49,36.31,257.0,14.7,75.0,0.45,2.075,,,,activated
NGC7793,SPARC,1,46,20,2.858905393099193,91.96722437289569,260.35894657966924,0.0008114024346822,538.1786737094737,0.1654773698505569,0.42,7.87,116.0,3.61,47.0,0.53,27.335,,,,non_activated
NGC7814,SPARC,1,18,13,1.4193540782218497,5.1463826568578686,14.976912249780511,3.671084446628632e-06,1415.1014157840707,0.0054643747332186,6.14,19.53,265.0,14.4,90.0,0.76,4.05,,,,non_activated
UGC00128,SPARC,1,22,22,0.5027181563192443,10.948290308390892,24.69241011471226,1.1802044326438365e-07,539.7204185557554,0.0351530864427991,1.25,53.75,134.0,64.5,57.0,4.07,0.485,,,,non_activated
UGC00191,SPARC,1,9,9,1.2019786733628124,2.3209301727327123,5.52358827038851,1.6247101685521062e-06,822.9100767636355,0.0206431392126449,0.62,9.98,83.85,17.1,45.0,1.87,40.48,,,,non_activated
UGC00731,SPARC,1,12,12,0.6121896092455064,4.116043678984282,10.315093003976028,1.7792743576651041e-07,644.4162280912464,0.0176348246669537,0.91,10.91,74.0,12.5,57.0,15.28,0.825,,,,non_activated
UGC01230,SPARC,1,11,10,0.7459445477007187,3.537393655254665,6.154888892144738,2.9381690944462144e-07,780.4655980298032,0.0940625438953029,2.35,36.54,113.0,53.7,22.0,1.9,5.43,,,,non_activated
UGC01281,SPARC,1,25,25,0.7329365947137354,4.987912480922338,12.483243820453811,2.798285217811948e-07,426.3647909553077,0.0609532583039073,0.08,4.99,56.9,5.27,90.0,2.14,7.06,,,,non_activated
UGC02259,SPARC,1,8,8,-0.0544963362868117,1.7301969580360863,3.007229376549245,1.4604117585571372e-08,1262.6949756732715,0.0251149542080217,1.02,8.14,90.0,10.5,41.0,3.83,6.305,,,,non_activated
UGC02487,SPARC,1,17,17,-0.4117038928965773,8.743109411963205,19.75524183820496,3.825829010681567e-09,1845.4492450493888,0.0318054146588697,9.93,80.38,383.0,69.1,36.0,1.4,6.11,,,,non_activated
UGC02885,SPARC,1,19,16,0.130458290727205,6.314319388512889,13.98158631495384,2.92208754329322e-08,960.0256625787922,0.0422055633623803,1.7,74.07,305.0,80.6,64.0,0.89,5.9350000000000005,,,,non_activated
UGC02916,SPARC,1,43,20,5.090289942528852,206.52117484136883,516.6472910834024,2.974222018870014,707.1191379611699,0.4584590066176862,0.37,38.0,218.0,65.4,50.0,0.56,32.975,,,,activated
UGC02953,SPARC,1,115,41,-0.652734150426032,29.012410107681745,61.6645825960048,1.5494681034777054e-09,14503.357431419765,1.353769336703069,0.09,62.39,319.0,16.5,50.0,0.65,0.16,,,,non_activated
UGC03205,SPARC,1,48,34,-1.7255268164049615,84.32231616302103,345.00340902754965,2.7734981726025155e-11,1227.4578858077518,0.1512165769716509,0.28,40.04,237.0,50.0,67.0,0.89,16.015,,,,non_activated
UGC03546,SPARC,1,30,11,4.083782120576879,20.057532666534694,53.00312402323328,0.0798648582340659,501.4418454066957,0.0502271305231777,11.14,29.23,262.0,28.7,55.0,0.51,2.73,,,,non_activated
UGC03580,SPARC,1,47,17,0.3472154543764379,58.370534678009406,166.51203780372873,6.58726101591901e-08,806.4209639184786,0.0703276147168548,0.11,27.06,131.0,20.7,63.0,0.32,1.5,,,,non_activated
UGC04278,SPARC,1,25,25,0.3636020009392811,14.193579967617003,33.15279342975445,7.00474085064365e-08,630.2637234597119,0.0424722747494896,0.14,6.69,92.8,9.51,90.0,1.69,10.46,,,,non_activated
UGC04325,SPARC,1,8,8,0.6703190881212269,2.1806014209385163,3.982245559846689,2.2126505937830598e-07,1735.4046098336255,0.0209637788523172,0.7,5.59,92.7,9.6,41.0,3.4,23.66,,,,non_activated
UGC04483,SPARC,1,8,8,1.2835492711296943,2.411153006750607,5.161170140321548,2.2060843453437787e-06,296.30104867970374,0.0631529214927319,0.08,1.21,24.3,3.34,58.0,1.63,1.93,,,,non_activated
UGC04499,SPARC,1,9,8,0.5781247921028503,3.555011966072478,6.725797712971087,1.5659028423708518e-07,504.9763399421604,0.0012144197576524,1.82,8.18,74.3,12.5,50.0,1.59,4.33,,,,non_activated
UGC05005,SPARC,1,11,10,1.475528592760628,2.1478864563817357,5.127688884645167,4.531900982666576e-06,286.1275874362141,0.030428321734249,2.34,28.61,100.0,53.7,41.0,1.34,3.575,,,,non_activated
UGC05253,SPARC,1,73,19,0.4242324320920699,12.96434653767602,27.91830229330972,8.79295911022648e-08,8736.120966376593,1.0740842142782057,0.13,53.29,248.0,22.9,37.0,0.71,8.66,,,,non_activated
UGC05414,SPARC,1,6,6,0.7356528445624473,2.4454140145037995,4.247324552778535,2.826934033974272e-07,340.96522415007547,0.0596715161383433,0.68,4.11,61.4,9.4,55.0,1.28,16.03,,,,non_activated
UGC05716,SPARC,1,12,12,0.3767656813529015,5.369697764586724,10.965537238784664,7.359198192477642e-08,576.6071821037626,0.0144844030402311,1.03,12.37,74.7,21.3,54.0,4.08,0.2,,,,non_activated
UGC05721,SPARC,1,23,22,1.3856933984896656,6.092922606290405,16.30864593942942,3.235746247805253e-06,1701.374756172829,0.0316886687479717,0.27,6.74,82.6,6.18,61.0,1.49,1.925,,,,non_activated
UGC05750,SPARC,1,11,9,1.5573771513552936,4.559863565376063,9.58448953004554,6.159979858205473e-06,285.39911582635284,0.0178198202659031,2.52,22.85,78.9,58.7,64.0,1.47,8.67,,,,non_activated
UGC05764,SPARC,1,10,10,1.5475449141410742,10.665943094811125,24.08781143360316,5.936992127993074e-06,1048.4992284319692,0.0175737629130802,0.36,3.62,55.8,7.47,60.0,14.1,1.81,,,,non_activated
UGC05829,SPARC,1,11,11,-0.0268006200493943,1.4592058682715323,2.380851066950803,1.6202449769929592e-08,427.25826028696406,0.0008545497718662,0.63,6.91,68.6,8.64,34.0,4.14,3.62,,,,non_activated
UGC05918,SPARC,1,8,8,0.4395012110656182,2.449528766639855,4.89717643780461,9.311118474915297e-08,436.5340892230241,0.0065304935444304,0.56,4.46,44.5,7.66,46.0,5.14,3.64,,,,non_activated
UGC05986,SPARC,1,15,14,1.7326149398997364,6.041674535029102,13.370063452339998,1.1884261106177104e-05,1226.966575604881,0.0087144210645879,1.26,9.41,116.0,8.63,90.0,1.54,9.58,,,,non_activated
UGC06399,SPARC,1,9,9,0.9174949233657916,3.2323842045467224,5.320007107571216,5.590677765307725e-07,724.516733061412,0.0097029209677009,0.87,7.85,87.6,18.0,75.0,2.14,11.73,,,,non_activated
UGC06446,SPARC,1,17,17,0.6640110215353168,5.371845626920896,13.553250993388811,2.160924006761036e-07,965.3793584136488,0.0225505781074731,0.58,10.22,84.9,12.0,51.0,3.8,1.67,,,,non_activated
UGC06614,SPARC,1,13,6,0.991245036500615,2.6146480321922247,6.356642398975323,7.371811289459858e-07,577.433765862727,0.0013301397489336,24.94,64.59,205.0,88.7,36.0,0.78,0.0,,,,non_activated
UGC06667,SPARC,1,9,9,0.7993489171444643,2.821088388249245,5.386849965432966,3.589643925639883e-07,1039.2409625521584,0.0033491452686556,0.87,7.85,85.7,18.0,89.0,14.78,4.81,,,,non_activated
UGC06786,SPARC,1,45,39,-1.5511291609879974,69.22117845300896,169.55049973986073,5.3339956457918476e-11,2087.839620647686,0.1362502382049968,0.16,34.05,229.0,29.3,64.0,0.85,107.0,,,,non_activated
UGC06787,SPARC,1,71,37,13.138317646090066,785.1321900135116,3354.784651011801,19.99999999999105,3271.8838084766458,0.0327991565236466,6.2,37.19,276.0,21.3,66.0,0.61,12.46,,,,activated
UGC06917,SPARC,1,11,11,1.067290982892335,4.274504468547171,5.902503581903916,9.804443761996137e-07,772.6813394039814,0.0112440368998865,1.74,10.47,111.0,18.0,56.0,1.45,16.34,,,,non_activated
UGC06930,SPARC,1,10,10,0.2976418255913231,2.4231516635528583,5.79750680095384,5.469769777860197e-08,602.4039539166855,0.0109587548718516,1.74,16.61,109.0,18.0,32.0,1.84,8.48,,,,non_activated
UGC06983,SPARC,1,17,16,0.2610097427150606,8.520815476857402,20.107142934469195,4.7677105301931764e-08,895.0518973729453,0.0172889091182612,2.61,15.68,113.0,18.0,49.0,1.93,3.26,,,,non_activated
UGC07089,SPARC,1,12,11,0.2939383049764703,6.6013363438275405,11.397214046102812,5.394329585734743e-08,238.1914788292404,0.0749879129358906,0.87,9.16,79.1,18.0,80.0,1.11,7.62,,,,non_activated
UGC07125,SPARC,1,13,12,0.9463014552532698,8.087816441861928,16.40614523509343,6.22843450076918e-07,144.73536387926464,0.007777132438432,2.88,18.68,65.6,19.8,90.0,1.3,1.365,,,,non_activated
UGC07151,SPARC,1,11,10,0.5447726520986247,4.483590402770311,7.980977071306205,1.381806954018895e-07,621.1405019400214,0.0046048281878805,1.0,5.5,76.2,6.87,90.0,1.28,15.65,,,,non_activated
UGC07261,SPARC,1,7,7,-0.2679692339166131,1.2296539238895556,2.1858672989747423,6.558619571587663e-09,694.8866829102548,0.0078108928432423,0.95,6.67,76.1,13.1,30.0,1.67,7.49,,,,non_activated
UGC07323,SPARC,1,10,8,-0.0547021036580648,11.069906620298177,18.211260397400974,1.4592852991355713e-08,320.91845040167766,0.051134212779871,0.58,5.82,85.6,8.0,47.0,1.03,31.700000000000003,,,,non_activated
UGC07399,SPARC,1,10,10,0.3449509240769881,1.7494061743271136,2.8237611854283777,6.531558916038176e-08,2138.336618455679,0.0078830676609194,0.61,6.13,106.0,8.43,55.0,3.21,6.545,,,,non_activated
UGC07524,SPARC,1,31,30,1.3883324670558563,28.84815362548902,104.01357062630578,3.267927808227143e-06,526.6157285942726,0.0054867168607223,0.69,10.69,83.8,4.74,46.0,2.1,6.64,,,,non_activated
UGC07603,SPARC,1,12,11,1.231127278219635,3.5587918249886314,6.9202379518931565,1.81237239206442e-06,930.4542900798992,0.0099800984032121,0.68,4.11,64.0,4.7,78.0,1.47,2.3,,,,non_activated
UGC07608,SPARC,1,8,8,0.843400001038257,0.8187283454833115,2.4914504475650663,4.23441241671335e-07,789.2379807875752,0.0124423087219997,0.6,4.78,69.3,8.21,25.0,5.56,3.275,,,,non_activated
UGC07690,SPARC,1,7,6,-0.0746847098587045,2.138462627635308,3.3790046368327964,1.3539307406579424e-08,590.3618040090026,0.0137721062624995,1.18,4.13,60.7,8.11,41.0,1.19,4.315,,,,non_activated
UGC07866,SPARC,1,7,7,-0.276820985629025,1.202887587684261,2.600474016197921,6.344485946225868e-09,238.8864673144946,0.0003867249418565,0.33,2.32,33.1,4.57,44.0,1.83,5.83,,,,non_activated
UGC08286,SPARC,1,17,17,0.6695820052536448,4.345598594524423,9.303673345682052,2.2065431377613699e-07,1116.73783837707,0.0169382946353511,0.47,8.04,84.3,6.5,90.0,3.41,4.23,,,,non_activated
UGC08490,SPARC,1,30,30,0.7500961375653874,14.079790637115744,60.11671044740211,2.9842697949982414e-07,1026.41815367542,0.032534188125307,0.34,10.15,80.1,4.65,50.0,1.98,0.145,,,,non_activated
UGC08550,SPARC,1,11,11,0.663937646004393,4.83997711408564,11.993591858799372,2.1603294925154005e-07,713.8461346065645,0.007685536863689,0.49,5.36,57.8,6.7,90.0,2.57,0.36,,,,non_activated
UGC08699,SPARC,1,41,27,2.4822535822182177,38.91671710436629,109.05367624333672,0.0001976209002881,861.248071426963,0.006331425210748,5.87,25.7,202.0,39.3,73.0,0.68,47.02,,,,non_activated
UGC08837,SPARC,1,8,6,2.5827312983293016,16.947659042398573,31.086401747525127,0.0002880509759406,158.24756813568845,0.2597890459932886,1.57,4.2,48.0,7.21,80.0,0.85,7.215,,,,non_activated
UGC09037,SPARC,1,22,11,7.204530708116636,35.267312462273395,115.7860596045651,19.9588275235932,521.9452934332626,0.0089162611228754,15.78,27.96,160.0,83.6,65.0,0.39,3.38,,,,activated
UGC09133,SPARC,1,68,35,2.7406916110762944,181.3911156803152,730.2751690971392,0.0005208577628392,2428.587763759424,0.5895510277676923,0.32,108.31,289.0,57.1,53.0,0.67,0.26,,,,non_activated
UGC10310,SPARC,1,7,7,0.4553295684108064,3.4910049440408644,5.679802947380134,9.880524138155829e-08,600.114661979721,0.0109107818215569,1.1,7.74,73.2,15.2,34.0,2.41,7.39,,,,non_activated
UGC11455,SPARC,1,36,7,1.220176757216758,96.36696554479109,141.0307413415641,1.739455704483728e-06,462.8815613394419,0.0445158234939471,29.13,41.93,291.0,78.6,90.0,0.43,0.6,,,,non_activated
UGC11820,SPARC,1,10,10,0.6786475925512511,4.510590556765941,10.51724796518198,2.282846323393486e-07,575.2865785015318,0.0251945898401631,0.26,15.82,84.45,18.1,45.0,2.18,18.45,,,,non_activated
UGC12506,SPARC,1,31,31,0.5001070922117207,25.77479475234789,61.91186076350296,1.1687048631723406e-07,2060.13388621922,0.1104539795504255,0.82,49.99,255.0,100.6,86.0,1.85,11.03,,,,non_activated
UGC12632,SPARC,1,15,15,0.8291423179419196,4.500625622632714,13.038351804045872,4.013959912451338e-07,523.7006266722715,0.0087281957677861,0.71,10.66,73.2,9.77,46.0,3.44,4.19,,,,non_activated
UGC12732,SPARC,1,16,16,0.0298031184449217,3.0860314095263126,9.627262181718097,2.0033912654840428e-08,619.103745452186,0.0088008488212738,0.96,15.4,98.0,13.2,39.0,3.27,1.05,,,,non_activated
UGCA281,SPARC,1,7,7,0.2019593950861686,1.2040765106948257,2.379801501486764,3.820676166286193e-08,424.564561040862,0.0052064540102391,0.09,1.08,29.5,5.68,67.0,1.62,20.85,,,,non_activated
UGCA442,SPARC,1,8,8,0.6855487884160895,0.998907702129866,2.261232710072943,2.3426963118228899e-07,507.1703801557769,0.0034894586273457,0.42,6.33,57.8,4.35,64.0,7.0,0.86,,,,non_activated
UGCA444,SPARC,1,36,36,0.1399767202157452,34.92347704838303,107.7935755290672,3.0282726772960074e-08,408.9125189205497,0.0018295532031986,0.12,2.62,38.3,0.98,78.0,14.7,0.6699999999999999,,,,non_activated
NGC925,THINGS,1,96,96,0.8583939406711592,52.77960861036208,237.561503632586,4.479322674635111e-07,550.6184749460249,0.0047249689622243,0.4014,13.1132,,9.2,66.0,,,Vrot,0.65,81.564,non_activated
NGC2366,THINGS,1,75,75,4.88767591365439,293.9405752923082,1436.775261903612,1.5107983363480224,5590.576210519826,0.048319241323588,0.0989,7.4176,,3.4,63.8,,,Vrot,2.1,42.575,activated
NGC2403,THINGS,1,288,288,0.4354086900198782,425.09697858609314,2179.198822756658,9.169312100606028e-08,4251.097442795631,0.0293986551584652,0.0621,17.8722,,3.2,62.9,,,Vrot,1.375,121.622,non_activated
NGC2841,THINGS,1,141,141,-0.2894757046996277,156.79534624548018,1037.2164796266811,6.050439319748861e-09,118354.32385007296,0.0007632613072436,3.7597,51.6108,,14.1,73.7,,,Vrot,2.1,295.175,non_activated
NGC2903,THINGS,1,97,97,0.9349397691019106,59.454405734471656,358.8570787515732,5.968637610815017e-07,8009.779634868279,0.0690911693822204,0.302,29.2978,,8.9,65.2,,,Vrot,1.425,185.692,non_activated
NGC2976,THINGS,1,42,42,0.3296526695510365,21.22733699211033,50.98536004227329,6.167398992499268e-08,2592.250137089427,0.0034016204418231,0.0611,2.5656,,3.6,64.5,,,Vrot,0.825,56.711,non_activated
NGC3031,THINGS,1,117,117,0.6321337847556474,77.78910979292957,315.115019988762,1.917450184315661e-07,79837.16148074034,0.0031673776025705,2.4086,14.6608,,3.6,59.0,,,Vrot,2.225,227.858,non_activated
NGC3198,THINGS,1,94,94,0.6445775920944257,35.18471597143191,133.3517986069593,2.009047143054095e-07,4090.8772042405785,0.0221816929597031,0.4014,37.734,,13.8,71.5,,,Vrot,1.4500000000000002,140.859,non_activated
IC2574,THINGS,1,100,100,1.1852308467155068,91.79391076306182,354.836067473431,1.52580951248268e-06,188.6004562427536,0.0208844710438123,0.1164,11.6355,,4.0,53.4,,,Vrot,0.5,49.637,non_activated
NGC3521,THINGS,1,100,100,0.3933594443837427,95.3082592893398,349.5363770817147,7.831684309939967e-08,13131.254921229696,0.0601567397149065,0.3113,31.125,,10.7,72.7,,,Vrot,1.575,204.589,non_activated
NGC3621,THINGS,1,123,123,-0.0292441244334484,69.38411016578887,282.7002668227929,1.6054662562725788e-08,4853.719516319209,0.0162594490841834,0.208,25.5822,,6.6,64.7,,,Vrot,1.4500000000000002,136.05,non_activated
NGC3627,THINGS,1,26,26,0.8558185165289722,18.4368811009636,42.091642836634,4.436270322519786e-07,30897.222598945227,0.0017353420553057,1.8035,7.4395,,9.3,61.8,,,Vrot,1.875,193.798,non_activated
NGC4736,THINGS,1,82,82,0.7568095633570422,60.09441387449879,170.57857380123176,3.060353519274917e-07,33814.66509849835,0.0041093214905247,0.4557,9.6842,,4.7,41.4,,,Vrot,2.3,152.408,non_activated
DDO154,THINGS,1,61,61,0.8062590668382054,43.395436522159336,193.27644924876705,3.683878264267473e-07,438.7372230741777,0.0143921321403137,0.1355,8.2658,,4.3,66.0,,,Vrot,1.025,39.034,non_activated
NGC4826,THINGS,1,89,79,0.2187649979997906,215.63361766602563,524.184396985703,4.069208157534135e-08,15905.912651771212,0.0034126745313208,4.7269,21.9984,,7.5,65.2,,,Vrot,1.85,115.836,non_activated
NGC5055,THINGS,1,199,199,0.5416607344917844,432.5068912676544,2454.8142723078386,1.3657754173911348e-07,16433.65120709822,0.0190157671123815,0.2448,48.7214,,10.1,59.0,,,Vrot,1.75,192.574,non_activated
NGC6946,THINGS,1,207,207,0.7012508117355942,1280.4049718192778,8238.356537668902,2.484782480609763e-07,17428.382081465574,0.0033502258918791,1.373,19.1361,,5.9,32.6,,,Vrot,1.675,190.823,non_activated
NGC7331,THINGS,1,105,105,-0.3975559150821389,45.49827051871588,162.8619860666773,4.034289070157671e-09,73956.23393126504,0.0004677026262307,2.9932,25.2287,,14.7,75.8,,,Vrot,2.075,249.068,non_activated
NGC7793,THINGS,1,68,68,1.6413118126193496,72.38130191798156,378.39597598057753,8.438700888292303e-06,3430.0440534600352,0.0085222864018494,0.1134,7.7144,,3.9,49.6,,,Vrot,1.225,93.673,non_activated
CVnIdwA,LITTLE_THINGS,1,30,30,0.8418493187023635,11.151238860103344,32.744710200921865,4.20986051477729e-07,164.51883274723826,0.0076804461526639,0.19,2.96,,3.6,66.5,,,Vobs,0.5,16.652,non_activated
DDO_210,LITTLE_THINGS,1,16,16,-0.0264164545226359,3.227178976093102,8.683284560300015,1.6225808176112828e-08,764.6116364757347,0.0035913885351771,0.04,0.31,,0.9,66.7,,,Vobs,0.5,7.34,non_activated
DDO_216,LITTLE_THINGS,1,26,26,0.3041890321662498,3.881402537213064,10.644549737509998,5.605725869103762e-08,301.95951910634875,0.0128361970828052,0.09,1.12,,1.1,63.7,,,Vobs,0.975,12.605,non_activated
DDO_53,LITTLE_THINGS,1,27,27,0.3219414765157212,14.397555784635712,51.74000055511234,5.991610364271132e-08,615.8216797863105,0.0314401049621156,0.11,1.56,,3.6,27.0,,,Vobs,0.5,20.342,non_activated
DDO_70,LITTLE_THINGS,1,48,48,0.0465675210079058,14.28121776016648,49.454288180381056,2.1333806622603837e-08,757.7371035401496,0.0125410870070559,0.08,2.0,,1.3,50.0,,,Vobs,0.875,26.477,non_activated
IC_10,LITTLE_THINGS,1,50,49,0.4964027827373867,20.62282237746182,62.56835519015589,1.152582435271518e-07,3133.628770899197,0.049654842559742,0.06,0.54,,0.7,47.0,,,Vobs,0.5,21.643,non_activated
IC_1613,LITTLE_THINGS,1,218,218,0.6726410873931201,246.2856628558025,2120.495289091165,2.2320013687166282e-07,108.37463209131076,0.0144780707894671,0.14,2.71,,0.7,48.0,,,Vobs,0.5,13.077,non_activated
UGC_8508,LITTLE_THINGS,1,50,50,0.0415685358018351,8.77461294409428,30.090735912326988,2.093760418089964e-08,752.0469870642511,0.0119982256808445,0.07,1.86,,2.6,82.5,,,Vobs,0.5,25.634,non_activated
WLM,LITTLE_THINGS,1,266,266,0.5637357378523608,1508.6383450756082,13209.002178899183,1.48364752651311e-07,431.48623643148,0.0517308850276103,0.01,3.38,,1.0,74.0,,,Vobs,0.65,26.838,non_activated
DDO_50,LITTLE_THINGS,1,170,170,0.4940326188157336,142.98438858187336,722.9896157180455,1.1423835420448477e-07,243.47275565955627,0.2170608292006632,0.12,9.81,,3.4,49.7,,,Vobs,0.95,31.287,non_activated
F564-V3,LITTLE_THINGS,1,22,22,0.4837923546451365,13.108657757412836,35.243060322477746,1.0993465035708983e-07,491.18790772983846,0.0197055661781278,0.34,3.71,,8.7,56.5,,,Vobs,1.2000000000000002,27.96,non_activated
DDO_126,LITTLE_THINGS,1,60,60,0.6019268205830167,9.370214326086312,41.89560984622822,1.7120990969978805e-07,293.0025407610996,0.0084774751988874,0.13,3.99,,4.9,65.0,,,Vobs,0.575,27.517,non_activated
HARO_29,LITTLE_THINGS,1,64,64,0.3652296749869062,46.23069277139727,171.4237769744427,7.047626981899393e-08,693.0024809765524,0.0104551127837454,0.16,5.03,,5.9,61.2,,,Vobs,1.525,32.203,non_activated
DDO_101,LITTLE_THINGS,1,18,18,-0.0719935479199965,1.1764337813664654,2.848486688659873,1.3676635948870412e-08,2538.1155871838364,0.0083847437398224,0.22,2.32,,6.4,51.0,,,Vobs,1.0750000000000002,51.749,non_activated
DDO_133,LITTLE_THINGS,1,38,38,0.5167100111448096,8.955719013391462,31.931586586737957,1.2437824837693461e-07,634.1822835424803,0.0140956172772049,0.18,3.48,,3.5,43.4,,,Vobs,0.725,35.147,non_activated
NGC_1569,LITTLE_THINGS,1,47,47,0.4934283013358422,9.698281593915066,34.01257072242003,1.139797614481605e-07,520.7932675058855,0.0036730804291628,0.25,3.17,,3.4,69.1,,,Vobs,0.55,32.266,non_activated
DDO_43,LITTLE_THINGS,1,9,9,1.5187699752902175,2.955878343502631,8.594860660139119,5.329708994528235e-06,321.14582527795625,0.018678045917132,0.47,4.19,,7.8,40.6,,,Vobs,0.725,29.213,non_activated
HARO_36,LITTLE_THINGS,1,20,20,-0.0681042739761555,5.632733315853662,19.33606825351859,1.3877568353522965e-08,599.5867837548368,0.0061278211758396,0.32,3.16,,9.3,70.0,,,Vobs,0.6,34.763,non_activated
DDO_168,LITTLE_THINGS,1,59,59,0.534240237130637,19.766330043951733,105.09577497762643,1.3282940819333585e-07,824.9895786081919,0.0362576670341732,0.12,3.99,,4.3,46.5,,,Vobs,0.5,43.929,non_activated
NGC_2366,LITTLE_THINGS,1,140,140,0.5030128938567394,39.61942686227663,193.80571514924029,1.1815095933337962e-07,562.4175787971872,0.0170872898771853,0.12,8.08,,3.4,63.0,,,Vobs,0.9,47.631,non_activated
DDO_154,LITTLE_THINGS,1,106,106,0.4103163027058759,55.09893018149245,341.8549910925221,8.34586173277776e-08,531.3602397957952,0.0146282995414984,0.14,7.89,,3.7,68.2,,,Vobs,1.0750000000000002,39.982,non_activated
DDO_87,LITTLE_THINGS,1,66,66,0.5204225796510784,22.816640722198372,104.351068240075,1.261219687328837e-07,205.3491492067801,0.0240844932610603,0.22,7.39,,7.7,55.5,,,Vobs,0.5,37.836,non_activated
DDO_52,LITTLE_THINGS,1,32,32,0.4355685402165555,4.038048970705148,16.97864201526255,9.174810184582105e-08,659.0251758500009,0.005916768296557,0.34,5.43,,10.3,43.0,,,Vobs,0.825,45.413,non_activated
DDO_46,LITTLE_THINGS,1,42,42,0.3569339736105383,41.53703828204991,177.44575614076754,6.831758324395253e-08,2567.480472656164,0.0349469149448773,0.15,3.54,,6.1,27.9,,,Vobs,1.15,59.579,non_activated
DDO_47,LITTLE_THINGS,1,68,68,0.3350093810051684,15.393600363014672,56.189274735421264,6.29254034618453e-08,332.69356599318183,0.0277672990500734,0.23,7.71,,5.2,45.5,,,Vobs,0.625,44.788,non_activated
NGC_3738,LITTLE_THINGS,1,24,24,0.4059205111422867,5.634231375441167,20.756516680535103,8.209414429395442e-08,11349.526980233615,0.0094044460886347,0.08,1.75,,4.9,22.6,,,Vobs,0.75,94.82,non_activated
